USE [Availity]
GO

DROP TABLE [dbo].[OrderLine]
GO

DROP TABLE [dbo].[Order]
GO

DROP TABLE [dbo].[Customer]
GO

CREATE TABLE [dbo].[Customer] (
    [CustID] [VARCHAR](4) NOT NULL PRIMARY KEY,
    [FirstName] [VARCHAR](25) NOT NULL,
    [LastName] [VARCHAR](25) NOT NULL
);
GO

INSERT INTO
    [dbo].[Customer] (
        [CustID],
        [FirstName],
        [LastName]
    )
VALUES
    ( '0001', 'James', 'Smith' ),
	( '0002', 'David', 'Spitzzer' ),
	( '0003', 'Ruth', 'Cooper' ),
	( '0004', 'Robyn', 'Fox' ),
	( '0005', 'Teri', 'Jones' ),
	( '0006', 'Scott', 'Sluffman' );
GO

CREATE TABLE [dbo].[Order] (
    [OrderID] [VARCHAR](6) NOT NULL PRIMARY KEY,
    [CustomerID] [VARCHAR](4) NOT NULL FOREIGN KEY REFERENCES [Customer](CustID),
    [OrderDate] [DATE] NOT NULL
);
GO

INSERT INTO
	[dbo].[Order] (
		[OrderID],
		[CustomerID],
		[OrderDate]
	)
VALUES
	( '000001', '0001', '2018-12-15' ),
	( '000002', '0001', '2019-12-15' ),
	( '000003', '0001', '2020-03-15' ),
	( '000004', '0001', '2020-04-15' ),
	( '000005', '0002', '2018-12-15' ),
	( '000006', '0002', '2019-12-15' ),
	( '000007', '0002', '2020-03-15' ),
	( '000008', '0002', '2020-04-15' ),
	( '000009', '0003', '2018-12-15' ),
	( '000010', '0003', '2019-12-15' ),
	( '000011', '0003', '2020-03-15' ),
	( '000012', '0003', '2020-04-15' ),
	( '000013', '0005', '2018-12-15' ),
	( '000014', '0005', '2019-12-15' ),
	( '000015', '0005', '2020-03-15' ),
	( '000016', '0005', '2020-04-15' ),
	( '000017', '0006', '2018-12-15' ),
	( '000018', '0006', '2019-12-15' ),
	( '000019', '0006', '2020-03-15' ),
	( '000020', '0006', '2020-04-15' );
GO

CREATE TABLE [dbo].[OrderLine] (
	[OrderLineID] [VARCHAR](6) NOT NULL PRIMARY KEY,
	[OrdID] [VARCHAR](6) NOT NULL FOREIGN KEY REFERENCES [Order](OrderID),
	[ItemName] [VARCHAR](20) NOT NULL,
	[Cost] [MONEY] NOT NULL,
	[Quantity] [INT] NOT NULL
);

INSERT INTO
	[dbo].[OrderLine] (
		[OrderLineID],
		[OrdID],
		[ItemName],
		[Cost],
		[Quantity]
	)
VALUES
	( '000001', '000001', 'Bats', 15.00, 1 ),
	( '000002', '000001', 'Gloves', 10.00, 5 ),
	( '000003', '000001', 'Shoes', 5.00, 5 ),
	( '000004', '000002', 'Bats', 15.00, 2 ),
	( '000005', '000002', 'Gloves', 10.00, 4 ),
	( '000006', '000002', 'Shoes', 5.00, 6 ),
	( '000007', '000003', 'Bats', 15.00, 8 ),
	( '000008', '000003', 'Gloves', 10.00, 7 ),
	( '000009', '000003', 'Shoes', 5.00, 3 ),
	( '000010', '000004', 'Bats', 15.00, 2 ),
	( '000011', '000004', 'Gloves', 10.00, 8 ),
	( '000012', '000004', 'Shoes', 5.00, 8 ),
	( '000013', '000005', 'Bats', 15.00, 7 ),
	( '000014', '000005', 'Gloves', 10.00, 6 ),
	( '000015', '000005', 'Shoes', 5.00, 9 ),
	( '000016', '000006', 'Bats', 15.00, 1 ),
	( '000017', '000006', 'Gloves', 10.00, 5 ),
	( '000018', '000006', 'Shoes', 5.00, 5 ),
	( '000019', '000007', 'Bats', 15.00, 8 ),
	( '000020', '000007', 'Gloves', 10.00, 7 ),
	( '000021', '000007', 'Shoes', 5.00, 3 ),
	( '000022', '000008', 'Bats', 15.00, 2 ),
	( '000023', '000008', 'Gloves', 10.00, 8 ),
	( '000024', '000008', 'Shoes', 5.00, 4 ),
	( '000025', '000009', 'Bats', 15.00, 1 ),
	( '000026', '000009', 'Gloves', 10.00, 5 ),
	( '000027', '000009', 'Shoes', 5.00, 5 ),
	( '000028', '000010', 'Bats', 15.00, 4 ),
	( '000029', '000010', 'Gloves', 10.00, 3 ),
	( '000030', '000010', 'Shoes', 5.00, 3 ),
	( '000031', '000011', 'Bats', 15.00, 1 ),
	( '000032', '000011', 'Gloves', 10.00, 7 ),
	( '000033', '000011', 'Shoes', 5.00, 7 ),
	( '000034', '000012', 'Bats', 15.00, 2 ),
	( '000035', '000012', 'Gloves', 10.00, 9 ),
	( '000036', '000012', 'Shoes', 5.00, 3 ),
	( '000037', '000013', 'Bats', 15.00, 1 ),
	( '000038', '000013', 'Gloves', 10.00, 8 ),
	( '000039', '000013', 'Shoes', 5.00, 5 ),
	( '000040', '000014', 'Bats', 15.00, 1 ),
	( '000041', '000014', 'Gloves', 10.00, 5 ),
	( '000042', '000014', 'Shoes', 5.00, 5 ),
	( '000043', '000015', 'Bats', 15.00, 2 ),
	( '000044', '000015', 'Gloves', 10.00, 7 ),
	( '000045', '000015', 'Shoes', 5.00, 3 ),
	( '000046', '000016', 'Bats', 15.00, 2 ),
	( '000047', '000016', 'Gloves', 10.00, 8 ),
	( '000048', '000016', 'Shoes', 5.00, 8 ),
	( '000049', '000017', 'Bats', 15.00, 1 ),
	( '000050', '000017', 'Gloves', 10.00, 5 ),
	( '000051', '000017', 'Shoes', 5.00, 5 ),
	( '000052', '000018', 'Bats', 15.00, 1 ),
	( '000053', '000018', 'Gloves', 10.00, 9 ),
	( '000054', '000018', 'Shoes', 5.00, 5 ),
	( '000055', '000019', 'Bats', 15.00, 2 ),
	( '000056', '000019', 'Gloves', 10.00, 7 ),
	( '000057', '000019', 'Shoes', 5.00, 3 ),
	( '000058', '000020', 'Bats', 15.00, 2 ),
	( '000059', '000020', 'Gloves', 10.00, 8 ),
	( '000060', '000020', 'Shoes', 5.00, 8 );
GO
